{
    " <=50K": {
        "precision": 0.8771626297577855,
        "recall": 0.9151624548736462,
        "f1-score": 0.8957597173144877,
        "support": 4986.0
    },
    " >50K": {
        "precision": 0.6773455377574371,
        "recall": 0.581532416502947,
        "f1-score": 0.6257928118393234,
        "support": 1527.0
    },
    "accuracy": 0.8369415016121603,
    "macro avg": {
        "precision": 0.7772540837576113,
        "recall": 0.7483474356882966,
        "f1-score": 0.7607762645769056,
        "support": 6513.0
    },
    "weighted avg": {
        "precision": 0.8303146795835905,
        "recall": 0.8369415016121603,
        "f1-score": 0.8324648509455984,
        "support": 6513.0
    }
}