{
    " <=50K": {
        "precision": 0.9034067303697548,
        "recall": 0.8810777957860616,
        "f1-score": 0.892102564102564,
        "support": 4936.0
    },
    " >50K": {
        "precision": 0.6545026486168334,
        "recall": 0.7051363348129359,
        "f1-score": 0.6788766788766788,
        "support": 1577.0
    },
    "accuracy": 0.8384768923691079,
    "macro avg": {
        "precision": 0.7789546894932942,
        "recall": 0.7931070652994987,
        "f1-score": 0.7854896214896214,
        "support": 6513.0
    },
    "weighted avg": {
        "precision": 0.8431393056922856,
        "recall": 0.8384768923691079,
        "f1-score": 0.8404739411943465,
        "support": 6513.0
    }
}