{
    "1.0": {
        "precision": 0.14479215319943953,
        "recall": 0.48716605552645365,
        "f1-score": 0.2232357177148344,
        "support": 1909.0
    },
    "2.0": {
        "precision": 0.13833370761284527,
        "recall": 0.2586062132661629,
        "f1-score": 0.18024871982443305,
        "support": 2382.0
    },
    "3.0": {
        "precision": 0.1331945889698231,
        "recall": 0.08030112923462986,
        "f1-score": 0.10019569471624268,
        "support": 3188.0
    },
    "4.0": {
        "precision": 0.14824619457313037,
        "recall": 0.1118601747815231,
        "f1-score": 0.12750818272377973,
        "support": 4005.0
    },
    "5.0": {
        "precision": 0.16966019417475728,
        "recall": 0.13437139561707034,
        "f1-score": 0.14996781806479295,
        "support": 5202.0
    },
    "6.0": {
        "precision": 0.20283114256825077,
        "recall": 0.13700314164731595,
        "f1-score": 0.1635414968204794,
        "support": 7321.0
    },
    "7.0": {
        "precision": 0.23342890875358407,
        "recall": 0.16057547279266737,
        "f1-score": 0.19026670332691778,
        "support": 8619.0
    },
    "8.0": {
        "precision": 0.6001405481377372,
        "recall": 0.660187741579238,
        "f1-score": 0.628733697938578,
        "support": 18110.0
    },
    "accuracy": 0.34082308420056767,
    "macro avg": {
        "precision": 0.22132842974869593,
        "recall": 0.2537589155556326,
        "f1-score": 0.22046225389125726,
        "support": 50736.0
    },
    "weighted avg": {
        "precision": 0.3325496232862962,
        "recall": 0.34082308420056767,
        "f1-score": 0.32894393440045866,
        "support": 50736.0
    }
}