{
    "1.0": {
        "precision": 0.24063492063492065,
        "recall": 0.19853326348873757,
        "f1-score": 0.21756601607347878,
        "support": 1909.0
    },
    "2.0": {
        "precision": 0.21975308641975308,
        "recall": 0.11209068010075567,
        "f1-score": 0.14845704753961636,
        "support": 2382.0
    },
    "3.0": {
        "precision": 0.17563025210084032,
        "recall": 0.06555834378920954,
        "f1-score": 0.09547738693467335,
        "support": 3188.0
    },
    "4.0": {
        "precision": 0.17374136229022705,
        "recall": 0.08789013732833957,
        "f1-score": 0.116730227159675,
        "support": 4005.0
    },
    "5.0": {
        "precision": 0.17881200244947948,
        "recall": 0.05613225682429835,
        "f1-score": 0.08544257498171177,
        "support": 5202.0
    },
    "6.0": {
        "precision": 0.1914780292942743,
        "recall": 0.19642125392705914,
        "f1-score": 0.19391814442721328,
        "support": 7321.0
    },
    "7.0": {
        "precision": 0.22625698324022347,
        "recall": 0.009397841977027498,
        "f1-score": 0.018046117856745016,
        "support": 8619.0
    },
    "8.0": {
        "precision": 0.4737290300604616,
        "recall": 0.9215350635008283,
        "f1-score": 0.6257710118299931,
        "support": 18110.0
    },
    "accuracy": 0.388422421948912,
    "macro avg": {
        "precision": 0.23500445831127248,
        "recall": 0.20594485511703198,
        "f1-score": 0.18767606585038832,
        "support": 50736.0
    },
    "weighted avg": {
        "precision": 0.29761707026887757,
        "recall": 0.388422421948912,
        "f1-score": 0.29354391764626353,
        "support": 50736.0
    }
}