{
    "0.0": {
        "precision": 0.6894586894586895,
        "recall": 0.48168789808917195,
        "f1-score": 0.5671431919381298,
        "support": 2512.0
    },
    "1.0": {
        "precision": 0.7583070354557268,
        "recall": 0.8822894168466523,
        "f1-score": 0.8156134571228911,
        "support": 4630.0
    },
    "accuracy": 0.7413889666760011,
    "macro avg": {
        "precision": 0.7238828624572081,
        "recall": 0.6819886574679122,
        "f1-score": 0.6913783245305105,
        "support": 7142.0
    },
    "weighted avg": {
        "precision": 0.7340915432764271,
        "recall": 0.7413889666760011,
        "f1-score": 0.7282209471615189,
        "support": 7142.0
    }
}