{
    "0": {
        "precision": 0.8663000189645363,
        "recall": 0.924322136786726,
        "f1-score": 0.8943710230053842,
        "support": 4942.0
    },
    "1": {
        "precision": 0.6983870967741935,
        "recall": 0.5512412476129853,
        "f1-score": 0.6161508360014231,
        "support": 1571.0
    },
    "accuracy": 0.8343313373253493,
    "macro avg": {
        "precision": 0.7823435578693649,
        "recall": 0.7377816921998557,
        "f1-score": 0.7552609295034036,
        "support": 6513.0
    },
    "weighted avg": {
        "precision": 0.825797761823276,
        "recall": 0.8343313373253493,
        "f1-score": 0.8272615628820581,
        "support": 6513.0
    }
}