{
    "0.0": {
        "precision": 0.6784313725490196,
        "recall": 0.48343313373253494,
        "f1-score": 0.5645687645687647,
        "support": 2505.0
    },
    "1.0": {
        "precision": 0.7593453598660963,
        "recall": 0.8767446854197981,
        "f1-score": 0.813832967909109,
        "support": 4657.0
    },
    "accuracy": 0.7391790002792517,
    "macro avg": {
        "precision": 0.718888366207558,
        "recall": 0.6800889095761665,
        "f1-score": 0.6892008662389368,
        "support": 7162.0
    },
    "weighted avg": {
        "precision": 0.7310446703618688,
        "recall": 0.7391790002792517,
        "f1-score": 0.7266496630546603,
        "support": 7162.0
    }
}