{
    "0.0": {
        "precision": 0.7548803757522383,
        "recall": 0.7253878702397744,
        "f1-score": 0.7398403222326116,
        "support": 7090.0
    },
    "1.0": {
        "precision": 0.7342342342342343,
        "recall": 0.7630869626897432,
        "f1-score": 0.7483826086956522,
        "support": 7049.0
    },
    "accuracy": 0.7441827569135017,
    "macro avg": {
        "precision": 0.7445573049932364,
        "recall": 0.7442374164647587,
        "f1-score": 0.7441114654641319,
        "support": 14139.0
    },
    "weighted avg": {
        "precision": 0.7445872396350864,
        "recall": 0.7441827569135017,
        "f1-score": 0.744099080085216,
        "support": 14139.0
    }
}