{
    "0.0": {
        "precision": 0.7549911920140928,
        "recall": 0.7253878702397744,
        "f1-score": 0.7398935404977702,
        "support": 7090.0
    },
    "1.0": {
        "precision": 0.73427050634639,
        "recall": 0.763228826783941,
        "f1-score": 0.7484696716750139,
        "support": 7049.0
    },
    "accuracy": 0.7442534832732159,
    "macro avg": {
        "precision": 0.7446308491802414,
        "recall": 0.7443083485118577,
        "f1-score": 0.7441816060863921,
        "support": 14139.0
    },
    "weighted avg": {
        "precision": 0.7446608919029367,
        "recall": 0.7442534832732159,
        "f1-score": 0.7441691716363508,
        "support": 14139.0
    }
}