{
    " <=50K": {
        "precision": 0.8894910005806077,
        "recall": 0.9299878591663294,
        "f1-score": 0.909288752596696,
        "support": 4942.0
    },
    " >50K": {
        "precision": 0.7429420505200595,
        "recall": 0.6365372374283895,
        "f1-score": 0.6856359273225917,
        "support": 1571.0
    },
    "accuracy": 0.8592046675879011,
    "macro avg": {
        "precision": 0.8162165255503335,
        "recall": 0.7832625482973594,
        "f1-score": 0.7974623399596439,
        "support": 6513.0
    },
    "weighted avg": {
        "precision": 0.8541419447622258,
        "recall": 0.8592046675879011,
        "f1-score": 0.8553414796801263,
        "support": 6513.0
    }
}