{
    " <=50K": {
        "precision": 0.8899438093392753,
        "recall": 0.9293808174828004,
        "f1-score": 0.9092348807284965,
        "support": 4942.0
    },
    " >50K": {
        "precision": 0.7418639053254438,
        "recall": 0.6384468491406747,
        "f1-score": 0.6862812179267875,
        "support": 1571.0
    },
    "accuracy": 0.8592046675879011,
    "macro avg": {
        "precision": 0.8159038573323596,
        "recall": 0.7839138333117376,
        "f1-score": 0.7977580493276419,
        "support": 6513.0
    },
    "weighted avg": {
        "precision": 0.8542254722894166,
        "recall": 0.8592046675879011,
        "f1-score": 0.8554562527135287,
        "support": 6513.0
    }
}