{
    "0.0": {
        "precision": 0.8799452316245877,
        "recall": 0.9697523948878575,
        "f1-score": 0.9226686389245394,
        "support": 43739.0
    },
    "1.0": {
        "precision": 0.4776944334780892,
        "recall": 0.17293125625267972,
        "f1-score": 0.2539349422875131,
        "support": 6997.0
    },
    "accuracy": 0.8598628192999054,
    "macro avg": {
        "precision": 0.6788198325513385,
        "recall": 0.5713418255702686,
        "f1-score": 0.5883017906060263,
        "support": 50736.0
    },
    "weighted avg": {
        "precision": 0.8244708380060319,
        "recall": 0.8598628192999054,
        "f1-score": 0.8304435980192795,
        "support": 50736.0
    }
}