{
    "0.0": {
        "precision": 0.8729672114506142,
        "recall": 0.9830585975902513,
        "f1-score": 0.9247478331935394,
        "support": 43739.0
    },
    "1.0": {
        "precision": 0.49966239027683995,
        "recall": 0.10575961126196942,
        "f1-score": 0.17456947393253125,
        "support": 6997.0
    },
    "accuracy": 0.8620703248186692,
    "macro avg": {
        "precision": 0.6863148008637271,
        "recall": 0.5444091044261103,
        "f1-score": 0.5496586535630353,
        "support": 50736.0
    },
    "weighted avg": {
        "precision": 0.8214847565122491,
        "recall": 0.8620703248186692,
        "f1-score": 0.8212907616910702,
        "support": 50736.0
    }
}